Zc,E0Tn,betaTn,elastic
1.72000000,0.33646527,0.00000000,0.33646527
1.72000000,0.33646527,0.00000000,0.33646527
1.72000000,0.33646527,0.00000000,0.33646527
1.72000000,0.33646527,0.00000000,0.33646527
1.72000000,0.33646527,0.00000000,0.33646527
1.72000000,0.33646527,0.00000000,0.33646527
1.72000000,0.33646527,0.00000000,0.33646527
3.83000000,0.33541683,0.20787454,0.26323492
3.38000000,0.27032599,0.20048784,0.18133055
2.57000000,0.34116432,0.16395735,0.29918403
3.50000000,0.28959701,0.19425725,0.21478023
3.86000000,0.32418331,0.00000000,0.32418331
3.86000000,0.32418331,0.00000000,0.32418331
2.43000000,0.30044529,0.14438852,0.26347547
3.87000000,0.31846337,0.20560882,0.24319525
1.88000000,0.30468602,0.13741648,0.27193801
1.88000000,0.30468602,0.13741648,0.27193801
3.64000000,0.38082678,0.11282968,0.36372861
2.21000000,0.26341536,0.14173916,0.22203077
2.21000000,0.26341536,0.14173916,0.22203077
3.38000000,0.36038906,0.14069202,0.33179214
3.38000000,0.36038906,0.14069202,0.33179214
3.38000000,0.36038906,0.14069202,0.33179214
1.78000000,0.29778274,0.18455082,0.23369971
1.70000000,0.30439182,0.22575283,0.20418138
2.59000000,0.20229964,0.05993644,0.19321689
1.71000000,0.26470217,0.22311541,0.14243157
3.25000000,0.35460062,0.12744622,0.33090642
3.25000000,0.35460062,0.12744622,0.33090642
3.54000000,0.39013473,0.17595471,0.34820260
4.11000000,0.38784996,0.23006474,0.31224639
1.27000000,0.16616042,0.12688877,0.10727780
3.31000000,0.30717577,0.16528586,0.25891609
3.84000000,0.32400989,0.16512083,0.27877862
3.25000000,0.28454118,0.22907559,0.16878407
2.40000000,0.32801525,0.15763815,0.28765295
3.10000000,0.36363768,0.16400427,0.32455347
3.35000000,0.37166353,0.15644610,0.33713261
3.35000000,0.37166353,0.15644610,0.33713261
3.50000000,0.37805879,0.18168816,0.33153863
3.00000000,0.37400200,0.12268195,0.35330813
3.80000000,0.27041374,0.17458664,0.20650204
2.02000000,0.32185288,0.12564791,0.29631382
1.73000000,0.28390103,0.20407478,0.19736584
3.31000000,0.40020573,0.13127743,0.37806198
2.91000000,0.32614975,0.21057136,0.24906497
3.59000000,0.39326802,0.11651571,0.37561126
3.03000000,0.36104595,0.21416514,0.29066728
3.03000000,0.36104595,0.21416514,0.29066728
3.91000000,0.41733183,0.06941453,0.41151850
2.98000000,0.36163103,0.15222307,0.32803222
3.47000000,0.38592914,0.16245099,0.35007282
1.93000000,0.31258215,0.13157669,0.28354043
1.93000000,0.31258215,0.13157669,0.28354043
1.89000000,0.09415007,0.07388892,0.05834950
2.95000000,0.33982711,0.18285497,0.28643765
1.32000000,0.13395894,0.09312724,0.09629286
2.55000000,0.34187145,0.19348115,0.28185303
2.48000000,0.32448584,0.20110007,0.25465629
3.01000000,0.32139384,0.00000000,0.32139384
3.01000000,0.32139384,0.00000000,0.32139384
3.12000000,0.35453522,0.00000000,0.35453522
4.61000000,0.29922334,0.25745224,0.15248920
0.97000000,0.13196217,0.04328687,0.12466058
1.85000000,0.00000000,0.00000000,0.00000000
2.85000000,0.24170831,0.16803378,0.17374565
1.66000000,0.30489547,0.19684901,0.23283410
4.33000000,0.35749386,0.18218482,0.30758828
3.37000000,0.38302403,0.14952847,0.35263103
3.55000000,0.37518091,0.18030510,0.32901487
2.82000000,0.35123723,0.16879821,0.30801747
3.56000000,0.32207580,0.22390466,0.23151571
4.15000000,0.36217877,0.24294399,0.26861065
3.24000000,0.34721604,0.15659795,0.30989685
3.29000000,0.36239546,0.17416065,0.31780267
2.47000000,0.31997702,0.20658608,0.24435115
3.46000000,0.39049384,0.17611667,0.34852311
2.51000000,0.30336018,0.21806248,0.21089370
2.46000000,0.30150229,0.19465827,0.23024289
3.19000000,0.36725340,0.13199373,0.34271376
2.36000000,0.32938248,0.15829521,0.28885194
1.88000000,0.15865575,0.08536986,0.13372971
3.92000000,0.31720432,0.26151643,0.17952086
3.16000000,0.36679679,0.14319353,0.33769142
2.41000000,0.33903833,0.20111067,0.27294960
2.97000000,0.36015307,0.17308300,0.31583621
2.62000000,0.34422943,0.16543039,0.30187198
3.30000000,0.37711873,0.14722311,0.34719431
3.68000000,0.40760018,0.13370299,0.38504730
1.56000000,0.27354916,0.19016930,0.19663361
3.73000000,0.38250204,0.18382350,0.33543513
4.24000000,0.41010913,0.16010220,0.37756692
3.00000000,0.36295729,0.18496908,0.31228903
3.33000000,0.38986543,0.14012067,0.36381486
2.63000000,0.39778835,0.00000000,0.39778835
2.97000000,0.37297026,0.15699615,0.33831793
3.33000000,0.39952802,0.13105512,0.37742177
2.82000000,0.35802346,0.13976852,0.32961426
3.02000000,0.37490875,0.14636036,0.34515970
3.50000000,0.30379998,0.18828000,0.23842204
1.63000000,0.41483603,0.19936263,0.36379042
2.84000000,0.34878424,0.16761934,0.30586632
1.50000000,0.36211299,0.15242594,0.32846940
2.46000000,0.34825719,0.19709515,0.28711770
3.07000000,0.36235611,0.16342627,0.32340965
3.87000000,0.35320056,0.19989283,0.29119322
3.11000000,0.20742857,0.14910457,0.14420277
3.15000000,0.36227078,0.17410073,0.31769333
2.51000000,0.33666773,0.15184055,0.30048229
2.78000000,0.32249756,0.23918100,0.21632644
3.71000000,0.31844002,0.18889217,0.25636653
2.92000000,0.34113832,0.17384977,0.29351595
3.96000000,0.43035830,0.14116822,0.40654618
3.55000000,0.39678866,0.11755879,0.37897384
3.57000000,0.37820280,0.09991944,0.36476494
3.60000000,0.39857959,0.14325260,0.37194674
3.57000000,0.38134500,0.21582109,0.31439666
2.71000000,0.29600161,0.23230188,0.18344696
3.59000000,0.40929141,0.18459457,0.36530029
3.09000000,0.34545126,0.15580201,0.30832176
3.56000000,0.40415389,0.15777734,0.37208423
3.92000000,0.33171275,0.24601546,0.22250785
3.69000000,0.40223065,0.13194165,0.37997486
3.80000000,0.38681950,0.15101018,0.35612532
3.13000000,0.36277482,0.17434296,0.31813536
3.20000000,0.36985986,0.19901507,0.31175202
2.61000000,0.34814660,0.16731290,0.30530714
2.79000000,0.32488379,0.20975402,0.24809822
1.95000000,0.36244790,0.00000000,0.36244790
2.34000000,0.31967898,0.16291373,0.27505230
3.54000000,0.40703652,0.14629209,0.37983858
3.56000000,0.38565903,0.18534069,0.33820366
3.32000000,0.35905804,0.21298595,0.28906687
2.89000000,0.36747456,0.15468282,0.33333283
2.78000000,0.36606296,0.18655177,0.31496115
2.78000000,0.36606296,0.18655177,0.31496115
2.78000000,0.36606296,0.18655177,0.31496115
2.84000000,0.40872945,0.15956359,0.37629672
3.93000000,0.42297541,0.13874645,0.39957180
3.48000000,0.39059807,0.15248530,0.35960407
3.72000000,0.42815781,0.14044641,0.40446745
3.24000000,0.31596031,0.23433263,0.21194135
3.72000000,0.35280746,0.22778232,0.26942219
3.86000000,0.39158348,0.17660811,0.34949563
1.98000000,0.32903789,0.16768318,0.28310472
2.42000000,0.32556725,0.21019528,0.24862015
4.44000000,0.40012184,0.19229126,0.35088682
3.30000000,0.36453551,0.19615012,0.30726416
2.76000000,0.36859498,0.15515444,0.33434916
3.86000000,0.33780794,0.14219511,0.30642251
2.65000000,0.33877953,0.20095716,0.27274126
1.65000000,0.28802996,0.22604574,0.17850654
2.36000000,0.34779004,0.19683076,0.28673256
3.03000000,0.34788528,0.19688466,0.28681109
3.49000000,0.38245670,0.17249184,0.34134980
3.57000000,0.38590988,0.19666610,0.33203747
3.53000000,0.32203127,0.21601366,0.23883517
3.30000000,0.38357724,0.14974444,0.35314034
3.77000000,0.42461009,0.13928266,0.40111602
3.48000000,0.40317338,0.18183527,0.35983983
4.11000000,0.34601427,0.22339645,0.26423456
3.39000000,0.38373598,0.17306881,0.34249159
3.71000000,0.41587669,0.16235380,0.38287682
3.51000000,0.36682772,0.19738353,0.30919625
3.62000000,0.41228979,0.14818016,0.38474084
2.93000000,0.33869904,0.23546101,0.24346489
3.02000000,0.38678141,0.17444233,0.34520970
3.42000000,0.26237491,0.23417455,0.11833374
3.93000000,0.42146213,0.13825006,0.39814225
2.16000000,0.32383608,0.20069738,0.25414636
3.41000000,0.39168177,0.14077347,0.36550983
3.32000000,0.33744493,0.22635290,0.25026674
3.35000000,0.40101979,0.10594759,0.38677123
3.51000000,0.35083385,0.23533399,0.26019666
2.88000000,0.35263623,0.13766540,0.32465451
2.87000000,0.33443898,0.18927477,0.27572539
3.52000000,0.41111217,0.10861394,0.39650501
3.20000000,0.38183431,0.16072734,0.34635844
3.77000000,0.37904539,0.20395763,0.31949443
3.78000000,0.44197750,0.15885015,0.41244484
3.72000000,0.39835494,0.15551350,0.36674543
3.18000000,0.38847186,0.12742843,0.36697736
2.89000000,0.33837621,0.17244215,0.29113942
3.30000000,0.39608815,0.15462857,0.36465851
2.92000000,0.36959782,0.16669236,0.32987302
3.37000000,0.28544647,0.19147313,0.21170197
3.32000000,0.33177157,0.16907632,0.28545679
4.11000000,0.40118157,0.19280054,0.35181615
3.25000000,0.35527312,0.14954681,0.32226502
2.28000000,0.26739507,0.20985149,0.16571806
3.55000000,0.38199165,0.13729077,0.35646721
3.01000000,0.32412916,0.19226685,0.26094668
3.54000000,0.40392990,0.14517555,0.37693955
4.38000000,0.35197002,0.26103931,0.23609612
3.55000000,0.38250204,0.16100840,0.34696412
2.69000000,0.32947344,0.19543697,0.26524920
1.29000000,0.29143257,0.20948863,0.20260172
2.41000000,0.32045602,0.23035137,0.22277860
2.41000000,0.32045602,0.23035137,0.22277860
2.73000000,0.31023954,0.18402781,0.24976456
2.73000000,0.31023954,0.18402781,0.24976456
3.49000000,0.40092889,0.11878544,0.38292818
3.70000000,0.41370074,0.14868726,0.38605751
3.60000000,0.40280000,0.11933980,0.38471528
3.48000000,0.39679283,0.15490367,0.36530728
3.21000000,0.28277231,0.24797715,0.13589521
2.49000000,0.33040701,0.18699289,0.27240127
3.79000000,0.41249393,0.08216301,0.40422826
3.57000000,0.39772651,0.14294600,0.37115067
2.25000000,0.28323692,0.21629450,0.18286564
2.63000000,0.35084148,0.14768137,0.31824512
2.79000000,0.32453974,0.14637071,0.28965783
3.30000000,0.37658718,0.15851864,0.34159881
2.10000000,0.29184741,0.22904167,0.18087240
3.48000000,0.39166837,0.12847696,0.36999700
2.49000000,0.32792254,0.18558681,0.27035297
2.26000000,0.32761267,0.21151587,0.25018214
2.26000000,0.32761267,0.21151587,0.25018214
2.59000000,0.33212356,0.21442822,0.25362689
3.23000000,0.37823476,0.17058771,0.33758165
3.30000000,0.37705925,0.17005754,0.33653248
3.47000000,0.38563970,0.12649941,0.36430190
3.32000000,0.35766150,0.18227025,0.30773252
3.24000000,0.35691125,0.20199289,0.29425247
2.70000000,0.35743790,0.16120811,0.31902006
3.32000000,0.38990200,0.16412331,0.35367656
3.17000000,0.35161584,0.13726705,0.32371508
1.44000000,0.31456066,0.20308913,0.24021494
3.44000000,0.39692632,0.10486611,0.38282320
0.57000000,0.22589236,0.15703866,0.16237678
2.67000000,0.39289102,0.00000000,0.39289102
3.99000000,0.36926301,0.21903934,0.29728259
1.67000000,0.27525517,0.20414358,0.18463697
1.67000000,0.27525517,0.20414358,0.18463697
3.25000000,0.37876027,0.18202527,0.33215379
2.95000000,0.38282369,0.03831900,0.38090107
2.95000000,0.38282369,0.03831900,0.38090107
3.34000000,0.39597429,0.15458412,0.36455368
3.48000000,0.37056408,0.16712815,0.33073542
2.63000000,0.32177470,0.19087024,0.25905118
3.12000000,0.35750785,0.18219195,0.30760032
3.70000000,0.38329366,0.18420394,0.33612935
2.84000000,0.37873381,0.24452110,0.28922091
2.41000000,0.34457816,0.14504493,0.31256372
4.46000000,0.35155539,0.26073179,0.23581799
3.32000000,0.37898212,0.12431556,0.35801269
2.07000000,0.31787762,0.19700462,0.24947016
3.58000000,0.35487612,0.21993444,0.27850656
2.88000000,0.34022285,0.21085307,0.26700668
3.41000000,0.37550732,0.16935760,0.33514736
3.41000000,0.37550732,0.16935760,0.33514736
3.01000000,0.35566806,0.18125436,0.30601736
1.99000000,0.33328526,0.00000000,0.33328526
2.59000000,0.33184014,0.20565789,0.26042794
4.41000000,0.35350327,0.19021387,0.29796517
4.41000000,0.35350327,0.19021387,0.29796517
4.46000000,0.55274831,0.39732858,0.38426644
3.18000000,0.35504239,0.17062690,0.31135440
4.17000000,0.37061708,0.20974966,0.30555212
3.54000000,0.33514542,0.24091047,0.23299056
2.61000000,0.34258058,0.19388249,0.28243767
2.92000000,0.25718335,0.23328868,0.10825741
4.01000000,0.38370129,0.16151321,0.34805195
3.29000000,0.35536666,0.23837453,0.26355843
2.50000000,0.32586435,0.21858483,0.24167798
3.97000000,0.43297117,0.15561320,0.40404030
3.97000000,0.43297117,0.15561320,0.40404030
4.45000000,0.36231017,0.25187529,0.26043713
3.03000000,0.25929246,0.20349256,0.16069647
3.03000000,0.25929246,0.20349256,0.16069647
3.03000000,0.25929246,0.20349256,0.16069647
2.30000000,0.30311792,0.22480804,0.20332687
2.62000000,0.29126600,0.22242592,0.18804944
3.12000000,0.33526721,0.19887372,0.26991359
2.27000000,0.30751336,0.19853919,0.23483325
2.27000000,0.30751336,0.19853919,0.23483325
3.74000000,0.35932474,0.17268492,0.31510981
2.60000000,0.32626571,0.21064623,0.24915353
3.79000000,0.34052923,0.22842181,0.25255422
3.19000000,0.35523712,0.18103475,0.30564658
3.20000000,0.37145422,0.16752961,0.33152989
3.77000000,0.30419505,0.27149981,0.13719505
1.69000000,0.37072884,0.22975916,0.29094776
3.35000000,0.38163591,0.13716291,0.35613523
3.35000000,0.38163591,0.13716291,0.35613523
2.31000000,0.31420361,0.20285860,0.23994228
2.39000000,0.29715249,0.21360025,0.20657816
3.95000000,0.37021574,0.21960448,0.29804961
2.49000000,0.31716872,0.21275194,0.23522885
3.33000000,0.38262784,0.12551144,0.36145670
3.78000000,0.27078553,0.19464705,0.18824805
3.78000000,0.27078553,0.19464705,0.18824805
3.78000000,0.27078553,0.19464705,0.18824805
3.70000000,0.33049675,0.18704368,0.27247526
2.78000000,0.28949467,0.22719524,0.17941429
2.71000000,0.26919831,0.11331493,0.24418734
3.44000000,0.37966996,0.13645634,0.35430065
3.82000000,0.29778274,0.20701630,0.21405328
3.77000000,0.23058166,0.19839283,0.11750825
2.76000000,0.31147742,0.21653675,0.22389735
3.35000000,0.35482545,0.18082495,0.30529237
2.40000000,0.30729748,0.22089270,0.21363088
3.22000000,0.29511896,0.21887560,0.19796129
3.22000000,0.29511896,0.21887560,0.19796129
2.78000000,0.19546398,0.07630704,0.17995389
2.92000000,0.21679855,0.17014337,0.13436088
2.56000000,0.38950334,0.00000000,0.38950334
2.56000000,0.38950334,0.00000000,0.38950334
3.25000000,0.16362146,0.15916419,0.03793075
3.25000000,0.16362146,0.15916419,0.03793075
2.35000000,0.22882371,0.20422947,0.10320181
1.53000000,0.32642356,0.00000000,0.32642356
1.53000000,0.32642356,0.00000000,0.32642356
2.28000000,0.32036501,0.00000000,0.32036501
2.28000000,0.32036501,0.00000000,0.32036501
2.89000000,0.32523696,0.22610227,0.23378803
4.32000000,0.24177218,0.11619130,0.21202210
4.01000000,0.27686342,0.23336604,0.14897532
2.98000000,0.35052798,0.17863489,0.30159483
4.04000000,0.37651639,0.21308836,0.31041576
2.49000000,0.20072945,0.13464625,0.14887142
2.77000000,0.31774815,0.17982864,0.26196478
2.05000000,0.29275218,0.21043720,0.20351910
1.99000000,0.28267904,0.20964951,0.18961678
1.99000000,0.28267904,0.20964951,0.18961678
3.64000000,0.24048435,0.19826529,0.13610142
3.75000000,0.29524568,0.24886030,0.15886649
3.75000000,0.29524568,0.24886030,0.15886649
3.93000000,0.34900343,0.23410617,0.25883913
3.87000000,0.36022732,0.18357784,0.30994015
1.69000000,0.18891843,0.17629501,0.06789875
3.79000000,0.35035923,0.24356709,0.25184651
3.79000000,0.35035923,0.24356709,0.25184651
3.79000000,0.35035923,0.24356709,0.25184651
4.05000000,0.33374503,0.27515327,0.18888203
3.57000000,0.34297078,0.22143149,0.26191039
3.33000000,0.41184560,0.00000000,0.41184560
2.84000000,0.28804736,0.22605939,0.17851732
2.84000000,0.28804736,0.22605939,0.17851732
3.40000000,0.34167377,0.20267396,0.27507132
3.40000000,0.34167377,0.20267396,0.27507132
3.40000000,0.34167377,0.20267396,0.27507132
3.40000000,0.34167377,0.20267396,0.27507132
3.40000000,0.34167377,0.20267396,0.27507132
4.00000000,1.00000000,0.13328696,0.99107749
3.79000000,0.35113089,0.23553324,0.26041696
3.46000000,0.28402949,0.16074566,0.23416572
3.32000000,0.36501217,0.19640661,0.30766594
3.32000000,0.36501217,0.19640661,0.30766594
3.32000000,0.36501217,0.19640661,0.30766594
3.34000000,0.29595458,0.23826417,0.17555426
3.34000000,0.29595458,0.23826417,0.17555426
4.21000000,0.38251714,0.24696372,0.29211006
1.80000000,0.17501169,0.04057124,0.17024414
1.42000000,0.00000000,0.00000000,0.00000000
2.46000000,0.28612736,0.22455258,0.17732740
2.46000000,0.28612736,0.22455258,0.17732740
2.07000000,0.29163198,0.22270540,0.18828573
2.07000000,0.29163198,0.22270540,0.18828573
4.20000000,0.32431312,0.27336102,0.17450716
4.58000000,0.43331064,0.18239551,0.39305215
3.60000000,0.31726362,0.24898830,0.19662409
3.45000000,0.35766848,0.05949077,0.35268625
3.45000000,0.35766848,0.05949077,0.35268625
2.47000000,0.32459360,0.00000000,0.32459360
3.35000000,0.32545022,0.13699331,0.29521293
3.45000000,0.19645406,0.07669356,0.18086540
3.34000000,0.35698168,0.18192381,0.30714760
3.93000000,0.34823351,0.10317308,0.33259869
3.69000000,0.39126091,0.03916353,0.38929593
3.83000000,0.35971966,0.22293622,0.28230777
0.81000000,0.15555280,0.00000000,0.15555280
4.10000000,0.36189549,0.25158701,0.26013905
0.47000000,0.13461307,0.05666332,0.12210630
0.62000000,0.25845068,0.18578047,0.17967295
1.21000000,0.00000000,0.00000000,0.00000000
1.09000000,0.08166087,0.06732462,0.04621573
4.27000000,0.31358405,0.25853172,0.17747198
4.02000000,0.39202478,0.22186529,0.32320153
4.52000000,0.33865428,0.27920066,0.19166041
4.60000000,0.34713597,0.27946878,0.20591403
4.39000000,0.31505042,0.27628344,0.15140748
4.40000000,0.17524134,0.15077793,0.08930590
4.27000000,0.37367472,0.25065529,0.27713664
4.27000000,0.37367472,0.25065529,0.27713664
4.27000000,0.37367472,0.25065529,0.27713664
4.27000000,0.37367472,0.25065529,0.27713664
4.27000000,0.37367472,0.25065529,0.27713664
4.27000000,0.37367472,0.25065529,0.27713664
4.27000000,0.37367472,0.25065529,0.27713664
4.27000000,0.37367472,0.25065529,0.27713664
4.27000000,0.37367472,0.25065529,0.27713664
4.27000000,0.37367472,0.25065529,0.27713664
4.27000000,0.37367472,0.25065529,0.27713664
4.27000000,0.37367472,0.25065529,0.27713664
4.27000000,0.37367472,0.25065529,0.27713664
4.27000000,0.37367472,0.25065529,0.27713664
4.27000000,0.37367472,0.25065529,0.27713664
4.27000000,0.37367472,0.25065529,0.27713664
4.27000000,0.37367472,0.25065529,0.27713664
